"header","file"
"VIMS","BaseData"
"VIWS","BaseData"
"VXWD","BaseData"
"VDPM","BaseData"
"VIPM","BaseData"
"VXMD","BaseData"
"TVOM","BaseData"
"VTSS","BaseData"
"ADRV","BaseData"
"TFRV","BaseData"
"PURV","BaseData"
"MFRV","BaseData"
"VRRV","BaseData"
"XTRV","BaseData"
"VIFM","BaseData"
"VDFM","BaseData"
"VIFA","BaseData"
"VDFA","BaseData"
"ISEP","BaseData"
"VFM","BaseData"
"VIGM","BaseData"
"VDGM","BaseData"
"VST","BaseData"
"EVOA","BaseData"
"EVFA","BaseData"
"VIPA","BaseData"
"VDPA","BaseData"
"VIGA","BaseData"
"VDGA","BaseData"
"SAVE","BaseData"
"VKB","BaseData"
"VDEP","BaseData"
"OSEP","BaseData"
"FBEP","BaseData"
"VTWR","BaseData"
"DPSM","BaseData"
"FTRV","BaseData"
"POP","BaseData"
"XXCR","BaseRate"
"XXCD","BaseRate"
"XXCP","BaseRate"
"rTO","BaseRate"
"rTF","BaseRate"
"rTPD","BaseRate"
"rTPI","BaseRate"
"rTGD","BaseRate"
"rTGI","BaseRate"
"rTFD","BaseRate"
"rTFI","BaseRate"
"rTXS","BaseRate"
"rTMS","BaseRate"
"rTTS","BaseRate"
"VOA","BaseView"
"VOM","BaseView"
"PTAX","BaseView"
"AG01","BaseView"
"AG02","BaseView"
"AG03","BaseView"
"AG04","BaseView"
"AG05","BaseView"
"AG06","BaseView"
"BI01","BaseView"
"BI02","BaseView"
"BI03","BaseView"
"BX01","BaseView"
"BX02","BaseView"
"BX03","BaseView"
"CM01","BaseView"
"CM02","BaseView"
"CM03","BaseView"
"CM04","BaseView"
"CM05","BaseView"
"SF01","BaseView"
"SF02","BaseView"
"SF03","BaseView"
"0IMB","BaseView"
"1TNS","BaseView"
"1TND","BaseView"
"1SRP","BaseView"
"1IMP","BaseView"
"2TNS","BaseView"
"2TND","BaseView"
"2SRP","BaseView"
"2IMP","BaseView"
"SMRY","BaseView"
"SBAL","BaseView"
"MSUM","BaseView"
"VTTS","TStrade"
"EDF","gsdvole"
"EDG","gsdvole"
"EDP","gsdvole"
"EIF","gsdvole"
"EIG","gsdvole"
"EIP","gsdvole"
"EXI","gsdvole"
"ASAM","GTAPSam"
"SAM","GTAPSam"
"MDF","CO2"
"MDG","CO2"
"MDP","CO2"
"MIF","CO2"
"MIG","CO2"
"MIP","CO2"
